Layer,Address,Decimal,Hex,Binary
conv1,0,17,11,00010001
conv1,1,-22,EA,11101010
conv1,2,33,21,00100001
conv1,3,20,14,00010100
conv1,4,22,16,00010110
conv1,5,-23,E9,11101001
conv1,6,-21,EB,11101011
conv1,7,40,28,00101000
conv1,8,30,1E,00011110
conv1,9,22,16,00010110
conv1,10,33,21,00100001
conv1,11,27,1B,00011011
conv1,12,-25,E7,11100111
conv1,13,27,1B,00011011
conv1,14,-30,E2,11100010
conv1,15,43,2B,00101011
conv1,16,-35,DD,11011101
conv1,17,-31,E1,11100001
conv1,18,35,23,00100011
conv1,19,-31,E1,11100001
conv1,20,28,1C,00011100
conv1,21,-31,E1,11100001
conv1,22,-19,ED,11101101
conv1,23,20,14,00010100
conv1,24,-36,DC,11011100
conv1,25,-20,EC,11101100
conv1,26,-25,E7,11100111
conv1,27,31,1F,00011111
conv1,28,-22,EA,11101010
conv1,29,30,1E,00011110
conv1,30,19,13,00010011
conv1,31,-23,E9,11101001
conv1,32,-27,E5,11100101
conv1,33,29,1D,00011101
conv1,34,-18,EE,11101110
conv1,35,25,19,00011001
conv1,36,-27,E5,11100101
conv1,37,32,20,00100000
conv1,38,-20,EC,11101100
conv1,39,39,27,00100111
conv1,40,-29,E3,11100011
conv1,41,22,16,00010110
conv1,42,27,1B,00011011
conv1,43,-21,EB,11101011
conv1,44,41,29,00101001
conv1,45,35,23,00100011
conv1,46,18,12,00010010
conv1,47,19,13,00010011
conv1,48,-18,EE,11101110
conv1,49,-21,EB,11101011
conv1,50,27,1B,00011011
conv1,51,-26,E6,11100110
conv1,52,35,23,00100011
conv1,53,17,11,00010001
conv1,54,40,28,00101000
conv1,55,-31,E1,11100001
conv1,56,32,20,00100000
conv1,57,18,12,00010010
conv1,58,42,2A,00101010
conv1,59,-45,D3,11010011
conv1,60,31,1F,00011111
conv1,61,29,1D,00011101
conv1,62,-18,EE,11101110
conv1,63,29,1D,00011101
conv1,64,-41,D7,11010111
conv1,65,29,1D,00011101
conv1,66,34,22,00100010
conv1,67,34,22,00100010
conv1,68,-64,C0,11000000
conv1,69,46,2E,00101110
conv1,70,45,2D,00101101
conv1,71,44,2C,00101100
conv1,72,-17,EF,11101111
conv1,73,-51,CD,11001101
conv1,74,56,38,00111000
conv1,75,-27,E5,11100101
conv1,76,37,25,00100101
conv1,77,63,3F,00111111
conv1,78,-77,B3,10110011
conv1,79,56,38,00111000
conv1,80,50,32,00110010
conv1,81,-58,C6,11000110
conv1,82,71,47,01000111
conv1,83,-24,E8,11101000
conv1,84,61,3D,00111101
conv1,85,-70,BA,10111010
conv1,86,75,4B,01001011
conv1,87,38,26,00100110
conv1,88,61,3D,00111101
conv1,89,-52,CC,11001100
conv1,90,72,48,01001000
conv1,91,35,23,00100011
conv1,92,-21,EB,11101011
conv1,93,-37,DB,11011011
conv1,94,-42,D6,11010110
conv1,95,56,38,00111000
conv1,96,-38,DA,11011010
conv1,97,60,3C,00111100
conv1,98,34,22,00100010
conv1,99,-29,E3,11100011
conv1,100,-33,DF,11011111
conv1,101,54,36,00110110
conv1,102,-31,E1,11100001
conv1,103,67,43,01000011
conv1,104,36,24,00100100
conv1,105,-40,D8,11011000
conv1,106,62,3E,00111110
conv1,107,-30,E2,11100010
conv1,108,66,42,01000010
conv1,109,38,26,00100110
conv1,110,-52,CC,11001100
conv1,111,74,4A,01001010
conv1,112,-28,E4,11100100
conv1,113,66,42,01000010
conv1,114,43,2B,00101011
conv1,115,-84,AC,10101100
conv1,116,-36,DC,11011100
conv1,117,48,30,00110000
conv1,118,-28,E4,11100100
conv1,119,46,2E,00101110
conv1,120,60,3C,00111100
conv1,121,-24,E8,11101000
conv1,122,-37,DB,11011011
conv1,123,-50,CE,11001110
conv1,124,67,43,01000011
conv1,125,30,1E,00011110
conv1,126,40,28,00101000
conv1,127,52,34,00110100
conv1,128,-61,C3,11000011
conv1,129,-23,E9,11101001
conv1,130,38,26,00100110
conv1,131,29,1D,00011101
conv1,132,-33,DF,11011111
conv1,133,45,2D,00101101
conv1,134,-20,EC,11101100
conv1,135,-33,DF,11011111
conv1,136,22,16,00010110
conv1,137,26,1A,00011010
conv1,138,22,16,00010110
conv1,139,21,15,00010101
conv1,140,-21,EB,11101011
conv1,141,17,11,00010001
conv1,142,19,13,00010011
conv1,143,22,16,00010110
conv1,144,-28,E4,11100100
conv1,145,-18,EE,11101110
conv1,146,-22,EA,11101010
conv1,147,-34,DE,11011110
conv1,148,27,1B,00011011
conv1,149,31,1F,00011111
conv1,150,-48,D0,11010000
conv1,151,27,1B,00011011
conv1,152,24,18,00011000
conv1,153,31,1F,00011111
conv1,154,-53,CB,11001011
conv1,155,29,1D,00011101
conv1,156,17,11,00010001
conv1,157,24,18,00011000
conv1,158,-34,DE,11011110
conv1,159,22,16,00010110
conv1,160,39,27,00100111
conv1,161,38,26,00100110
conv1,162,-27,E5,11100101
conv1,163,-43,D5,11010101
conv1,164,27,1B,00011011
conv1,165,46,2E,00101110
conv1,166,-22,EA,11101010
conv1,167,46,2E,00101110
conv1,168,-51,CD,11001101
conv1,169,46,2E,00101110
conv1,170,21,15,00010101
conv1,171,-34,DE,11011110
conv1,172,-27,E5,11100101
conv1,173,-55,C9,11001001
conv1,174,49,31,00110001
conv1,175,25,19,00011001
conv1,176,26,1A,00011010
conv1,177,-30,E2,11100010
conv1,178,60,3C,00111100
conv1,179,-68,BC,10111100
conv1,180,42,2A,00101010
conv1,181,29,1D,00011101
conv1,182,-22,EA,11101010
conv1,183,-27,E5,11100101
conv1,184,53,35,00110101
conv1,185,-80,B0,10110000
conv1,186,57,39,00111001
conv1,187,54,36,00110110
conv1,188,-34,DE,11011110
conv1,189,-76,B4,10110100
conv1,190,50,32,00110010
conv1,191,25,19,00011001
conv1,192,-18,EE,11101110
conv1,193,-33,DF,11011111
conv1,194,57,39,00111001
conv1,195,-53,CB,11001011
conv1,196,58,3A,00111010
conv1,197,-19,ED,11101101
conv1,198,-34,DE,11011110
conv1,199,66,42,01000010
conv1,200,-43,D5,11010101
conv1,201,75,4B,01001011
conv1,202,-24,E8,11101000
conv1,203,-51,CD,11001101
conv1,204,64,40,01000000
conv1,205,-34,DE,11011110
conv1,206,80,50,01010000
conv1,207,-29,E3,11100011
conv1,208,-26,E6,11100110
conv1,209,-32,E0,11100000
conv1,210,67,43,01000011
conv1,211,-43,D5,11010101
conv1,212,-27,E5,11100101
conv1,213,53,35,00110101
conv1,214,-41,D7,11010111
conv1,215,51,33,00110011
conv1,216,-25,E7,11100111
conv1,217,-25,E7,11100111
conv1,218,37,25,00100101
conv1,219,-55,C9,11001001
conv1,220,37,25,00100101
conv1,221,-45,D3,11010011
conv1,222,26,1A,00011010
conv1,223,-17,EF,11101111
conv1,224,-18,EE,11101110
conv1,225,-28,E4,11100100
conv1,226,18,12,00010010
conv1,227,26,1A,00011010
conv1,228,-33,DF,11011111
conv1,229,-33,DF,11011111
conv1,230,27,1B,00011011
conv1,231,-26,E6,11100110
conv1,232,26,1A,00011010
conv1,233,24,18,00011000
conv1,234,-38,DA,11011010
conv1,235,35,23,00100011
conv1,236,23,17,00010111
conv1,237,25,19,00011001
conv1,238,38,26,00100110
conv1,239,-31,E1,11100001
conv1,240,36,24,00100100
conv1,241,-30,E2,11100010
conv1,242,22,16,00010110
conv1,243,29,1D,00011101
conv1,244,40,28,00101000
conv1,245,-38,DA,11011010
conv1,246,-30,E2,11100010
conv1,247,-34,DE,11011110
conv1,248,-32,E0,11100000
conv1,249,37,25,00100101
conv1,250,23,17,00010111
conv1,251,-25,E7,11100111
conv1,252,-28,E4,11100100
conv1,253,-35,DD,11011101
conv1,254,35,23,00100011
conv1,255,25,19,00011001
conv1,256,-36,DC,11011100
conv1,257,37,25,00100101
conv1,258,49,31,00110001
conv1,259,28,1C,00011100
conv1,260,-34,DE,11011110
conv1,261,-34,DE,11011110
conv1,262,31,1F,00011111
conv1,263,18,12,00010010
conv1,264,-40,D8,11011000
conv1,265,-36,DC,11011100
conv1,266,34,22,00100010
conv1,267,26,1A,00011010
conv1,268,-47,D1,11010001
conv1,269,-44,D4,11010100
conv1,270,20,14,00010100
conv1,271,-58,C6,11000110
conv1,272,-22,EA,11101010
conv1,273,-50,CE,11001110
conv1,274,-45,D3,11010011
conv1,275,-22,EA,11101010
conv1,276,-46,D2,11010010
conv1,277,-24,E8,11101000
conv1,278,-43,D5,11010101
conv1,279,-24,E8,11101000
conv1,280,-26,E6,11100110
conv1,281,-32,E0,11100000
conv1,282,-20,EC,11101100
conv1,283,-17,EF,11101111
conv1,284,-30,E2,11100010
conv1,285,-51,CD,11001101
conv1,286,-23,E9,11101001
conv1,287,17,11,00010001
conv1,288,-20,EC,11101100
conv1,289,23,17,00010111
conv1,290,-52,CC,11001100
conv1,291,-25,E7,11100111
conv1,292,23,17,00010111
conv1,293,-23,E9,11101001
conv1,294,24,18,00011000
conv1,295,-33,DF,11011111
conv1,296,-20,EC,11101100
conv1,297,-17,EF,11101111
conv1,298,18,12,00010010
conv1,299,-20,EC,11101100
conv1,300,25,19,00011001
conv1,301,22,16,00010110
conv1,302,22,16,00010110
conv1,303,22,16,00010110
conv1,304,29,1D,00011101
conv1,305,27,1B,00011011
conv1,306,-28,E4,11100100
conv1,307,-21,EB,11101011
conv1,308,28,1C,00011100
conv1,309,23,17,00010111
conv1,310,23,17,00010111
conv1,311,27,1B,00011011
conv1,312,19,13,00010011
conv1,313,33,21,00100001
conv1,314,48,30,00110000
conv1,315,-27,E5,11100101
conv1,316,19,13,00010011
conv1,317,35,23,00100011
conv1,318,-26,E6,11100110
conv1,319,-32,E0,11100000
conv1,320,26,1A,00011010
conv1,321,22,16,00010110
conv1,322,30,1E,00011110
conv1,323,-46,D2,11010010
conv1,324,-25,E7,11100111
conv1,325,30,1E,00011110
conv1,326,46,2E,00101110
conv1,327,36,24,00100100
conv1,328,-40,D8,11011000
conv1,329,29,1D,00011101
conv1,330,32,20,00100000
conv1,331,33,21,00100001
conv1,332,-51,CD,11001101
conv1,333,29,1D,00011101
conv1,334,30,1E,00011110
conv1,335,23,17,00010111
conv1,336,44,2C,00101100
conv1,337,-61,C3,11000011
conv1,338,38,26,00100110
conv1,339,26,1A,00011010
conv1,340,-19,ED,11101101
conv1,341,30,1E,00011110
conv1,342,-59,C5,11000101
conv1,343,-55,C9,11001001
conv1,344,26,1A,00011010
conv1,345,-64,C0,11000000
conv1,346,43,2B,00101011
conv1,347,31,1F,00011111
conv1,348,-78,B2,10110010
conv1,349,36,24,00100100
conv1,350,-46,D2,11010010
conv1,351,26,1A,00011010
conv1,352,-76,B4,10110100
conv1,353,27,1B,00011011
conv1,354,-39,D9,11011001
conv1,355,-66,BE,10111110
conv1,356,-58,C6,11000110
conv1,357,-39,D9,11011001
conv1,358,-44,D4,11010100
conv1,359,-40,D8,11011000
conv1,360,-52,CC,11001100
conv1,361,15,0F,00001111
conv1,362,-19,ED,11101101
conv1,363,-49,CF,11001111
conv1,364,-33,DF,11011111
conv1,365,-50,CE,11001110
conv1,366,26,1A,00011010
conv1,367,-34,DE,11011110
conv1,368,28,1C,00011100
conv1,369,-26,E6,11100110
conv1,370,23,17,00010111
conv1,371,-30,E2,11100010
conv1,372,-21,EB,11101011
conv1,373,-18,EE,11101110
conv1,374,27,1B,00011011
conv1,375,-34,DE,11011110
conv1,376,-33,DF,11011111
conv1,377,25,19,00011001
conv1,378,-20,EC,11101100
conv1,379,-21,EB,11101011
conv1,380,23,17,00010111
conv1,381,28,1C,00011100
conv1,382,-18,EE,11101110
conv1,383,19,13,00010011
conv1,384,22,16,00010110
conv1,385,19,13,00010011
conv1,386,-23,E9,11101001
conv1,387,19,13,00010011
conv1,388,22,16,00010110
conv1,389,21,15,00010101
conv1,390,31,1F,00011111
conv1,391,25,19,00011001
conv1,392,24,18,00011000
conv1,393,35,23,00100011
conv1,394,-33,DF,11011111
conv1,395,20,14,00010100
conv1,396,25,19,00011001
conv1,397,24,18,00011000
conv1,398,26,1A,00011010
conv1,399,18,12,00010010
conv1,400,26,1A,00011010
conv1,401,32,20,00100000
conv1,402,-17,EF,11101111
conv1,403,26,1A,00011010
conv1,404,28,1C,00011100
conv1,405,24,18,00011000
conv1,406,21,15,00010101
conv1,407,-18,EE,11101110
conv1,408,33,21,00100001
conv1,409,21,15,00010101
conv1,410,24,18,00011000
conv1,411,-26,E6,11100110
conv1,412,36,24,00100100
conv1,413,32,20,00100000
conv1,414,26,1A,00011010
conv1,415,32,20,00100000
conv1,416,-18,EE,11101110
conv1,417,37,25,00100101
conv1,418,40,28,00101000
conv1,419,35,23,00100011
conv1,420,42,2A,00101010
conv1,421,36,24,00100100
conv1,422,23,17,00010111
conv1,423,28,1C,00011100
conv1,424,-24,E8,11101000
conv1,425,24,18,00011000
conv1,426,35,23,00100011
conv1,427,46,2E,00101110
conv1,428,58,3A,00111010
conv1,429,20,14,00010100
conv1,430,-34,DE,11011110
conv1,431,-35,DD,11011101
conv1,432,-43,D5,11010101
conv1,433,-38,DA,11011010
conv1,434,-49,CF,11001111
conv1,435,20,14,00010100
conv1,436,-26,E6,11100110
conv1,437,-28,E4,11100100
conv1,438,36,24,00100100
conv1,439,-39,D9,11011001
conv1,440,29,1D,00011101
conv1,441,41,29,00101001
conv1,442,34,22,00100010
conv1,443,-45,D3,11010011
conv1,444,-37,DB,11011011
conv1,445,-26,E6,11100110
conv1,446,30,1E,00011110
conv1,447,25,19,00011001
conv1,448,30,1E,00011110
conv1,449,23,17,00010111
conv1,450,-58,C6,11000110
conv1,451,20,14,00010100
conv1,452,19,13,00010011
conv1,453,17,11,00010001
conv1,454,26,1A,00011010
conv1,455,-32,E0,11100000
conv1,456,25,19,00011001
conv1,457,17,11,00010001
conv1,458,21,15,00010101
conv1,459,26,1A,00011010
conv1,460,20,14,00010100
conv1,461,25,19,00011001
conv1,462,28,1C,00011100
conv1,463,31,1F,00011111
conv1,464,23,17,00010111
conv1,465,25,19,00011001
conv1,466,34,22,00100010
conv1,467,20,14,00010100
conv1,468,19,13,00010011
conv1,469,36,24,00100100
conv1,470,21,15,00010101
conv1,471,-31,E1,11100001
conv1,472,29,1D,00011101
conv1,473,26,1A,00011010
conv1,474,25,19,00011001
conv1,475,-42,D6,11010110
conv1,476,24,18,00011000
conv1,477,34,22,00100010
conv1,478,34,22,00100010
conv1,479,25,19,00011001
conv1,480,31,1F,00011111
conv1,481,26,1A,00011010
conv1,482,-21,EB,11101011
conv1,483,22,16,00010110
conv1,484,35,23,00100011
conv1,485,33,21,00100001
conv1,486,32,20,00100000
conv1,487,30,1E,00011110
conv1,488,30,1E,00011110
conv1,489,35,23,00100011
conv1,490,-21,EB,11101011
conv1,491,41,29,00101001
conv1,492,32,20,00100000
conv1,493,21,15,00010101
conv1,494,39,27,00100111
conv1,495,32,20,00100000
conv1,496,20,14,00010100
conv1,497,40,28,00101000
conv1,498,36,24,00100100
conv1,499,27,1B,00011011
conv1,500,20,14,00010100
conv1,501,-25,E7,11100111
conv1,502,-23,E9,11101001
conv1,503,53,35,00110101
conv1,504,-28,E4,11100100
conv1,505,-35,DD,11011101
conv1,506,-29,E3,11100011
conv1,507,-21,EB,11101011
conv1,508,-28,E4,11100100
conv1,509,22,16,00010110
conv1,510,49,31,00110001
conv1,511,-45,D3,11010011
conv1,512,-48,D0,11010000
conv1,513,-32,E0,11100000
conv1,514,-31,E1,11100001
conv1,515,45,2D,00101101
conv1,516,31,1F,00011111
conv1,517,48,30,00110000
conv1,518,-35,DD,11011101
conv1,519,-24,E8,11101000
conv1,520,-30,E2,11100010
conv1,521,30,1E,00011110
conv1,522,-66,BE,10111110
conv1,523,18,12,00010010
conv1,524,-33,DF,11011111
conv1,525,-28,E4,11100100
conv1,526,20,14,00010100
conv1,527,17,11,00010001
conv1,528,23,17,00010111
conv1,529,18,12,00010010
conv1,530,33,21,00100001
conv1,531,-34,DE,11011110
conv1,532,27,1B,00011011
conv1,533,21,15,00010101
conv1,534,43,2B,00101011
conv1,535,23,17,00010111
conv1,536,-22,EA,11101010
conv1,537,-38,DA,11011010
conv1,538,-24,E8,11101000
conv1,539,29,1D,00011101
conv1,540,29,1D,00011101
conv1,541,20,14,00010100
conv1,542,32,20,00100000
conv1,543,21,15,00010101
conv1,544,35,23,00100011
conv1,545,21,15,00010101
conv1,546,37,25,00100101
conv1,547,28,1C,00011100
conv1,548,29,1D,00011101
conv1,549,36,24,00100100
conv1,550,46,2E,00101110
conv1,551,45,2D,00101101
conv1,552,27,1B,00011011
conv1,553,41,29,00101001
conv1,554,24,18,00011000
conv1,555,35,23,00100011
conv1,556,45,2D,00101101
conv1,557,30,1E,00011110
conv1,558,31,1F,00011111
conv1,559,34,22,00100010
conv1,560,31,1F,00011111
conv1,561,35,23,00100011
conv1,562,-20,EC,11101100
conv1,563,45,2D,00101101
conv1,564,-19,ED,11101101
conv1,565,-29,E3,11100011
conv1,566,-27,E5,11100101
conv1,567,-31,E1,11100001
conv1,568,-36,DC,11011100
conv1,569,35,23,00100011
conv1,570,-27,E5,11100101
conv1,571,39,27,00100111
conv1,572,-45,D3,11010011
conv1,573,-49,CF,11001111
conv1,574,41,29,00101001
conv1,575,-51,CD,11001101
conv1,576,35,23,00100011
conv1,577,52,34,00110100
conv1,578,-34,DE,11011110
conv1,579,-22,EA,11101010
conv1,580,-45,D3,11010011
conv1,581,37,25,00100101
conv1,582,-66,BE,10111110
conv1,583,23,17,00010111
conv1,584,33,21,00100001
conv1,585,18,12,00010010
conv1,586,28,1C,00011100
conv1,587,29,1D,00011101
conv1,588,-19,ED,11101101
conv1,589,22,16,00010110
conv1,590,-18,EE,11101110
conv1,591,21,15,00010101
conv1,592,22,16,00010110
conv1,593,39,27,00100111
conv1,594,34,22,00100010
conv1,595,-29,E3,11100011
conv1,596,37,25,00100101
conv1,597,28,1C,00011100
conv1,598,31,1F,00011111
conv1,599,19,13,00010011
conv1,600,-36,DC,11011100
conv1,601,20,14,00010100
conv1,602,31,1F,00011111
conv1,603,20,14,00010100
conv1,604,36,24,00100100
conv1,605,31,1F,00011111
conv1,606,32,20,00100000
conv1,607,22,16,00010110
conv1,608,39,27,00100111
conv1,609,30,1E,00011110
conv1,610,23,17,00010111
conv1,611,20,14,00010100
conv1,612,47,2F,00101111
conv1,613,28,1C,00011100
conv1,614,31,1F,00011111
conv1,615,29,1D,00011101
conv1,616,24,18,00011000
conv1,617,32,20,00100000
conv1,618,27,1B,00011011
conv1,619,32,20,00100000
conv1,620,-18,EE,11101110
conv1,621,19,13,00010011
conv1,622,22,16,00010110
conv1,623,-18,EE,11101110
conv1,624,-49,CF,11001111
conv1,625,-18,EE,11101110
conv1,626,-27,E5,11100101
conv1,627,-18,EE,11101110
conv1,628,-24,E8,11101000
conv1,629,28,1C,00011100
conv1,630,-29,E3,11100011
conv1,631,-34,DE,11011110
conv1,632,-45,D3,11010011
conv1,633,38,26,00100110
conv1,634,-37,DB,11011011
conv1,635,60,3C,00111100
conv1,636,-64,C0,11000000
conv1,637,-53,CB,11001011
conv1,638,-41,D7,11010111
conv1,639,32,20,00100000
conv1,640,-20,EC,11101100
conv1,641,-24,E8,11101000
conv1,642,45,2D,00101101
conv1,643,46,2E,00101110
conv1,644,-51,CD,11001101
conv1,645,-17,EF,11101111
conv1,646,-38,DA,11011010
conv1,647,-36,DC,11011100
conv1,648,28,1C,00011100
conv1,649,-45,D3,11010011
conv1,650,17,11,00010001
conv1,651,-24,E8,11101000
conv1,652,40,28,00101000
conv1,653,-38,DA,11011010
conv1,654,-33,DF,11011111
conv1,655,-22,EA,11101010
conv1,656,24,18,00011000
conv1,657,22,16,00010110
conv1,658,24,18,00011000
conv1,659,32,20,00100000
conv1,660,-25,E7,11100111
conv1,661,28,1C,00011100
conv1,662,21,15,00010101
conv1,663,25,19,00011001
conv1,664,42,2A,00101010
conv1,665,-18,EE,11101110
conv1,666,23,17,00010111
conv1,667,-20,EC,11101100
conv1,668,-27,E5,11100101
conv1,669,24,18,00011000
conv1,670,20,14,00010100
conv1,671,-29,E3,11100011
conv1,672,20,14,00010100
conv1,673,26,1A,00011010
conv1,674,-32,E0,11100000
conv1,675,-25,E7,11100111
conv1,676,-37,DB,11011011
conv1,677,-42,D6,11010110
conv1,678,27,1B,00011011
conv1,679,-45,D3,11010011
conv1,680,27,1B,00011011
conv1,681,-51,CD,11001101
conv1,682,28,1C,00011100
conv1,683,26,1A,00011010
conv1,684,-39,D9,11011001
conv1,685,-46,D2,11010010
conv1,686,32,20,00100000
conv1,687,27,1B,00011011
conv1,688,-29,E3,11100011
conv1,689,-45,D3,11010011
conv1,690,-54,CA,11001010
conv1,691,37,25,00100101
conv1,692,-21,EB,11101011
conv1,693,24,18,00011000
conv1,694,-27,E5,11100101
conv1,695,-62,C2,11000010
conv1,696,22,16,00010110
conv1,697,35,23,00100011
conv1,698,-20,EC,11101100
conv1,699,22,16,00010110
conv1,700,-46,D2,11010010
conv1,701,-51,CD,11001101
conv1,702,30,1E,00011110
conv1,703,30,1E,00011110
conv1,704,-40,D8,11011000
conv1,705,33,21,00100001
conv1,706,27,1B,00011011
conv1,707,27,1B,00011011
conv1,708,25,19,00011001
conv1,709,40,28,00101000
conv1,710,43,2B,00101011
conv1,711,-21,EB,11101011
conv1,712,25,19,00011001
conv1,713,25,19,00011001
conv1,714,33,21,00100001
conv1,715,42,2A,00101010
conv1,716,30,1E,00011110
conv1,717,-23,E9,11101001
conv1,718,24,18,00011000
conv1,719,29,1D,00011101
conv1,720,41,29,00101001
conv1,721,24,18,00011000
conv1,722,19,13,00010011
conv1,723,26,1A,00011010
conv1,724,26,1A,00011010
conv1,725,19,13,00010011
conv1,726,-33,DF,11011111
conv1,727,58,3A,00111010
conv1,728,27,1B,00011011
conv1,729,-16,F0,11110000
conv1,730,-33,DF,11011111
conv1,731,21,15,00010101
conv1,732,-29,E3,11100011
conv1,733,27,1B,00011011
conv1,734,-37,DB,11011011
conv1,735,33,21,00100001
conv1,736,-35,DD,11011101
conv1,737,53,35,00110101
conv1,738,-52,CC,11001100
conv1,739,-33,DF,11011111
conv1,740,-32,E0,11100000
conv1,741,-46,D2,11010010
conv1,742,-17,EF,11101111
conv1,743,37,25,00100101
conv1,744,-23,E9,11101001
conv1,745,50,32,00110010
conv1,746,-56,C8,11001000
conv1,747,-24,E8,11101000
conv1,748,-53,CB,11001011
conv1,749,35,23,00100011
conv1,750,-39,D9,11011001
conv1,751,39,27,00100111
conv1,752,38,26,00100110
conv1,753,-34,DE,11011110
conv1,754,-19,ED,11101101
conv1,755,21,15,00010101
conv1,756,-38,DA,11011010
conv1,757,25,19,00011001
conv1,758,-25,E7,11100111
conv1,759,-17,EF,11101111
conv1,760,31,1F,00011111
conv1,761,28,1C,00011100
conv1,762,39,27,00100111
conv1,763,-29,E3,11100011
conv1,764,23,17,00010111
conv1,765,36,24,00100100
conv1,766,18,12,00010010
conv1,767,-21,EB,11101011
conv1,768,18,12,00010010
conv1,769,27,1B,00011011
conv1,770,-28,E4,11100100
conv1,771,19,13,00010011
conv1,772,19,13,00010011
conv1,773,-27,E5,11100101
conv1,774,-27,E5,11100101
conv1,775,-45,D3,11010011
conv1,776,36,24,00100100
conv1,777,24,18,00011000
conv1,778,38,26,00100110
conv1,779,-31,E1,11100001
conv1,780,-29,E3,11100011
conv1,781,-65,BF,10111111
conv1,782,-16,F0,11110000
conv1,783,22,16,00010110
conv1,784,-39,D9,11011001
conv1,785,-78,B2,10110010
conv1,786,27,1B,00011011
conv1,787,23,17,00010111
conv1,788,-33,DF,11011111
conv1,789,25,19,00011001
conv1,790,-23,E9,11101001
conv1,791,-30,E2,11100010
conv1,792,-69,BB,10111011
conv1,793,-37,DB,11011011
conv1,794,24,18,00011000
conv1,795,-24,E8,11101000
conv1,796,-34,DE,11011110
conv1,797,-76,B4,10110100
conv1,798,31,1F,00011111
conv1,799,-24,E8,11101000
conv1,800,-53,CB,11001011
conv1,801,37,25,00100101
conv1,802,-46,D2,11010010
conv1,803,-53,CB,11001011
conv1,804,28,1C,00011100
conv1,805,-40,D8,11011000
conv1,806,-18,EE,11101110
conv1,807,27,1B,00011011
conv1,808,31,1F,00011111
conv1,809,44,2C,00101100
conv1,810,-17,EF,11101111
conv1,811,43,2B,00101011
conv1,812,-30,E2,11100010
conv1,813,51,33,00110011
conv1,814,20,14,00010100
conv1,815,37,25,00100101
conv1,816,34,22,00100010
conv1,817,-37,DB,11011011
conv1,818,-35,DD,11011101
conv1,819,30,1E,00011110
conv1,820,-30,E2,11100010
conv1,821,37,25,00100101
conv1,822,19,13,00010011
conv1,823,32,20,00100000
conv1,824,-38,DA,11011010
conv1,825,-19,ED,11101101
conv1,826,20,14,00010100
conv1,827,25,19,00011001
conv1,828,29,1D,00011101
conv1,829,38,26,00100110
conv1,830,19,13,00010011
conv1,831,49,31,00110001
conv1,832,69,45,01000101
conv1,833,62,3E,00111110
conv1,834,-21,EB,11101011
conv1,835,-31,E1,11100001
conv1,836,63,3F,00111111
conv1,837,-38,DA,11011010
conv1,838,-33,DF,11011111
conv1,839,-43,D5,11010101
conv1,840,50,32,00110010
conv1,841,-24,E8,11101000
conv1,842,-46,D2,11010010
conv1,843,25,19,00011001
conv1,844,-17,EF,11101111
conv1,845,21,15,00010101
conv1,846,-32,E0,11100000
conv1,847,41,29,00101001
conv1,848,-55,C9,11001001
conv1,849,-19,ED,11101101
conv1,850,-50,CE,11001110
conv1,851,-21,EB,11101011
conv1,852,39,27,00100111
conv1,853,-22,EA,11101010
conv1,854,-43,D5,11010101
conv1,855,-22,EA,11101010
conv1,856,19,13,00010011
conv1,857,20,14,00010100
conv1,858,22,16,00010110
conv1,859,23,17,00010111
conv1,860,18,12,00010010
conv1,861,-34,DE,11011110
conv1,862,22,16,00010110
conv1,863,33,21,00100001
conv1,864,-62,C2,11000010
conv1,865,31,1F,00011111
conv1,866,30,1E,00011110
conv1,867,-24,E8,11101000
conv1,868,-19,ED,11101101
conv1,869,-58,C6,11000110
conv1,870,-28,E4,11100100
conv1,871,26,1A,00011010
conv1,872,-43,D5,11010101
conv1,873,-28,E4,11100100
conv1,874,-96,A0,10100000
conv1,875,-30,E2,11100010
conv1,876,-37,DB,11011011
conv1,877,-40,D8,11011000
conv1,878,24,18,00011000
conv1,879,-28,E4,11100100
conv1,880,-60,C4,11000100
conv1,881,32,20,00100000
conv1,882,-45,D3,11010011
conv1,883,26,1A,00011010
conv1,884,-19,ED,11101101
conv1,885,-22,EA,11101010
conv1,886,-43,D5,11010101
conv1,887,-20,EC,11101100
conv1,888,-21,EB,11101011
conv1,889,38,26,00100110
conv1,890,18,12,00010010
conv1,891,-43,D5,11010101
conv1,892,-23,E9,11101001
conv1,893,-53,CB,11001011
conv1,894,-34,DE,11011110
conv1,895,27,1B,00011011
conv1,896,45,2D,00101101
conv1,897,-49,CF,11001111
conv1,898,46,2E,00101110
conv1,899,38,26,00100110
conv1,900,40,28,00101000
conv1,901,-30,E2,11100010
conv1,902,-31,E1,11100001
conv1,903,29,1D,00011101
conv1,904,-39,D9,11011001
conv1,905,45,2D,00101101
conv1,906,23,17,00010111
conv1,907,-38,DA,11011010
conv1,908,-22,EA,11101010
conv1,909,31,1F,00011111
conv1,910,53,35,00110101
conv1,911,19,13,00010011
conv1,912,-48,D0,11010000
conv1,913,27,1B,00011011
conv1,914,23,17,00010111
conv1,915,32,20,00100000
conv1,916,-36,DC,11011100
conv1,917,17,11,00010001
conv1,918,26,1A,00011010
conv1,919,48,30,00110000
conv1,920,-26,E6,11100110
conv1,921,23,17,00010111
conv1,922,28,1C,00011100
conv1,923,62,3E,00111110
conv1,924,46,2E,00101110
conv1,925,26,1A,00011010
conv1,926,64,40,01000000
conv1,927,38,26,00100110
conv1,928,14,0E,00001110
conv1,929,64,40,01000000
conv1,930,46,2E,00101110
conv1,931,31,1F,00011111
conv1,932,-43,D5,11010101
conv1,933,-34,DE,11011110
conv1,934,45,2D,00101101
conv1,935,-50,CE,11001110
conv1,936,-24,E8,11101000
conv1,937,-41,D7,11010111
conv1,938,-32,E0,11100000
conv1,939,43,2B,00101011
conv1,940,-21,EB,11101011
conv1,941,-22,EA,11101010
conv1,942,21,15,00010101
conv1,943,-24,E8,11101000
conv1,944,-20,EC,11101100
conv1,945,-21,EB,11101011
conv1,946,-37,DB,11011011
conv1,947,-18,EE,11101110
conv1,948,-19,ED,11101101
conv1,949,17,11,00010001
conv1,950,25,19,00011001
conv1,951,-20,EC,11101100
conv1,952,18,12,00010010
conv1,953,22,16,00010110
conv1,954,21,15,00010101
conv1,955,17,11,00010001
conv1,956,26,1A,00011010
conv1,957,-36,DC,11011100
conv1,958,24,18,00011000
conv1,959,23,17,00010111
conv1,960,-20,EC,11101100
conv1,961,-38,DA,11011010
conv1,962,21,15,00010101
conv1,963,43,2B,00101011
conv1,964,-22,EA,11101010
conv1,965,-43,D5,11010101
conv1,966,-35,DD,11011101
conv1,967,23,17,00010111
conv1,968,-32,E0,11100000
conv1,969,-33,DF,11011111
conv1,970,-30,E2,11100010
conv1,971,-17,EF,11101111
conv1,972,-44,D4,11010100
conv1,973,-26,E6,11100110
conv1,974,-29,E3,11100011
conv1,975,28,1C,00011100
conv1,976,-29,E3,11100011
conv1,977,49,31,00110001
conv1,978,-22,EA,11101010
conv1,979,23,17,00010111
conv1,980,-23,E9,11101001
conv1,981,-36,DC,11011100
conv1,982,-42,D6,11010110
conv1,983,-35,DD,11011101
conv1,984,-36,DC,11011100
conv1,985,35,23,00100011
conv1,986,-45,D3,11010011
conv1,987,-38,DA,11011010
conv1,988,25,19,00011001
conv1,989,-42,D6,11010110
conv1,990,-47,D1,11010001
conv1,991,42,2A,00101010
conv1,992,36,24,00100100
conv1,993,-30,E2,11100010
conv1,994,-46,D2,11010010
conv1,995,-30,E2,11100010
conv1,996,30,1E,00011110
conv1,997,34,22,00100010
conv1,998,-44,D4,11010100
conv1,999,32,20,00100000
conv1,1000,35,23,00100011
conv1,1001,56,38,00111000
conv1,1002,25,19,00011001
conv1,1003,32,20,00100000
conv1,1004,-29,E3,11100011
conv1,1005,34,22,00100010
conv1,1006,40,28,00101000
conv1,1007,25,19,00011001
conv1,1008,-26,E6,11100110
conv1,1009,37,25,00100101
conv1,1010,-23,E9,11101001
conv1,1011,30,1E,00011110
conv1,1012,39,27,00100111
conv1,1013,67,43,01000011
conv1,1014,56,38,00111000
conv1,1015,-29,E3,11100011
conv1,1016,49,31,00110001
conv1,1017,44,2C,00101100
conv1,1018,-12,F4,11110100
conv1,1019,31,1F,00011111
conv1,1020,34,22,00100010
conv1,1021,-22,EA,11101010
conv1,1022,-45,D3,11010011
conv1,1023,25,19,00011001
conv1,1024,69,45,01000101
conv1,1025,-48,D0,11010000
conv1,1026,-42,D6,11010110
conv1,1027,31,1F,00011111
conv1,1028,-14,F2,11110010
conv1,1029,66,42,01000010
conv1,1030,-53,CB,11001011
conv1,1031,-22,EA,11101010
conv1,1032,-29,E3,11100011
conv1,1033,-30,E2,11100010
conv1,1034,48,30,00110000
conv1,1035,-33,DF,11011111
conv1,1036,-21,EB,11101011
conv1,1037,-24,E8,11101000
conv1,1038,19,13,00010011
conv1,1039,28,1C,00011100
conv1,1040,-27,E5,11100101
conv1,1041,-26,E6,11100110
conv1,1042,20,14,00010100
conv1,1043,18,12,00010010
conv1,1044,21,15,00010101
conv1,1045,-20,EC,11101100
conv1,1046,-20,EC,11101100
conv1,1047,30,1E,00011110
conv1,1048,-20,EC,11101100
conv1,1049,-24,E8,11101000
conv1,1050,33,21,00100001
conv1,1051,26,1A,00011010
conv1,1052,-19,ED,11101101
conv1,1053,27,1B,00011011
conv1,1054,28,1C,00011100
conv1,1055,-23,E9,11101001
conv1,1056,-23,E9,11101001
conv1,1057,25,19,00011001
conv1,1058,20,14,00010100
conv1,1059,-33,DF,11011111
conv1,1060,18,12,00010010
conv1,1061,34,22,00100010
conv1,1062,-43,D5,11010101
conv1,1063,-44,D4,11010100
conv1,1064,-23,E9,11101001
conv1,1065,-32,E0,11100000
conv1,1066,-57,C7,11000111
conv1,1067,-32,E0,11100000
conv1,1068,-19,ED,11101101
conv1,1069,32,20,00100000
conv1,1070,22,16,00010110
conv1,1071,-29,E3,11100011
conv1,1072,-19,ED,11101101
conv1,1073,38,26,00100110
conv1,1074,37,25,00100101
conv1,1075,-30,E2,11100010
conv1,1076,-22,EA,11101010
conv1,1077,-32,E0,11100000
conv1,1078,-24,E8,11101000
conv1,1079,17,11,00010001
conv1,1080,-21,EB,11101011
conv1,1081,-26,E6,11100110
conv1,1082,-31,E1,11100001
conv1,1083,-34,DE,11011110
conv1,1084,-37,DB,11011011
conv1,1085,-31,E1,11100001
conv1,1086,-43,D5,11010101
conv1,1087,-19,ED,11101101
conv1,1088,-19,ED,11101101
conv1,1089,34,22,00100010
conv1,1090,-25,E7,11100111
conv1,1091,-40,D8,11011000
conv1,1092,-28,E4,11100100
conv1,1093,29,1D,00011101
conv1,1094,30,1E,00011110
conv1,1095,35,23,00100011
conv1,1096,25,19,00011001
conv1,1097,-37,DB,11011011
conv1,1098,37,25,00100101
conv1,1099,36,24,00100100
conv1,1100,44,2C,00101100
conv1,1101,-22,EA,11101010
conv1,1102,29,1D,00011101
conv1,1103,-20,EC,11101100
conv1,1104,-37,DB,11011011
conv1,1105,41,29,00101001
conv1,1106,34,22,00100010
conv1,1107,39,27,00100111
conv1,1108,-23,E9,11101001
conv1,1109,53,35,00110101
conv1,1110,29,1D,00011101
conv1,1111,-18,EE,11101110
conv1,1112,36,24,00100100
conv1,1113,-34,DE,11011110
conv1,1114,44,2C,00101100
conv1,1115,51,33,00110011
conv1,1116,-21,EB,11101011
conv1,1117,-28,E4,11100100
conv1,1118,49,31,00110001
conv1,1119,43,2B,00101011
conv1,1120,38,26,00100110
conv1,1121,48,30,00110000
conv1,1122,28,1C,00011100
conv1,1123,29,1D,00011101
conv1,1124,-31,E1,11100001
conv1,1125,15,0F,00001111
conv1,1126,-14,F2,11110010
conv1,1127,36,24,00100100
conv1,1128,-44,D4,11010100
conv1,1129,-17,EF,11101111
conv1,1130,26,1A,00011010
conv1,1131,-45,D3,11010011
conv1,1132,-21,EB,11101011
conv1,1133,-22,EA,11101010
conv1,1134,-38,DA,11011010
conv1,1135,-28,E4,11100100
conv1,1136,-27,E5,11100101
conv1,1137,40,28,00101000
conv1,1138,-38,DA,11011010
conv1,1139,-31,E1,11100001
conv1,1140,-18,EE,11101110
conv1,1141,18,12,00010010
conv1,1142,37,25,00100101
conv1,1143,-24,E8,11101000
conv1,1144,-36,DC,11011100
conv1,1145,-24,E8,11101000
conv1,1146,18,12,00010010
conv1,1147,28,1C,00011100
conv1,1148,37,25,00100101
conv1,1149,-20,EC,11101100
conv1,1150,-25,E7,11100111
conv1,1151,29,1D,00011101
conv1,1152,33,21,00100001
conv1,1153,18,12,00010010
conv1,1154,27,1B,00011011
conv1,1155,33,21,00100001
conv1,1156,-28,E4,11100100
conv1,1157,22,16,00010110
conv1,1158,21,15,00010101
conv1,1159,26,1A,00011010
conv1,1160,24,18,00011000
conv1,1161,-23,E9,11101001
conv1,1162,-31,E1,11100001
conv1,1163,-21,EB,11101011
conv1,1164,33,21,00100001
conv1,1165,-48,D0,11010000
conv1,1166,-20,EC,11101100
conv1,1167,26,1A,00011010
conv1,1168,-22,EA,11101010
conv1,1169,52,34,00110100
conv1,1170,-36,DC,11011100
conv1,1171,-46,D2,11010010
conv1,1172,-20,EC,11101100
conv1,1173,40,28,00101000
conv1,1174,48,30,00110000
conv1,1175,-14,F2,11110010
conv1,1176,31,1F,00011111
conv1,1177,-27,E5,11100101
conv1,1178,-64,C0,11000000
conv1,1179,-19,ED,11101101
conv1,1180,34,22,00100010
conv1,1181,24,18,00011000
conv1,1182,29,1D,00011101
conv1,1183,-28,E4,11100100
conv1,1184,-26,E6,11100110
conv1,1185,37,25,00100101
conv1,1186,22,16,00010110
conv1,1187,-36,DC,11011100
conv1,1188,31,1F,00011111
conv1,1189,-25,E7,11100111
conv1,1190,-28,E4,11100100
conv1,1191,32,20,00100000
conv1,1192,-27,E5,11100101
conv1,1193,48,30,00110000
conv1,1194,-36,DC,11011100
conv1,1195,-28,E4,11100100
conv1,1196,-17,EF,11101111
conv1,1197,-36,DC,11011100
conv1,1198,26,1A,00011010
conv1,1199,-28,E4,11100100
conv1,1200,38,26,00100110
conv1,1201,21,15,00010101
conv1,1202,-28,E4,11100100
conv1,1203,-22,EA,11101010
conv1,1204,45,2D,00101101
conv1,1205,81,51,01010001
conv1,1206,37,25,00100101
conv1,1207,-31,E1,11100001
conv1,1208,-22,EA,11101010
conv1,1209,-31,E1,11100001
conv1,1210,29,1D,00011101
conv1,1211,55,37,00110111
conv1,1212,-35,DD,11011101
conv1,1213,-35,DD,11011101
conv1,1214,18,12,00010010
conv1,1215,24,18,00011000
conv1,1216,41,29,00101001
conv1,1217,-35,DD,11011101
conv1,1218,34,22,00100010
conv1,1219,43,2B,00101011
conv1,1220,57,39,00111001
conv1,1221,45,2D,00101101
conv1,1222,-21,EB,11101011
conv1,1223,22,16,00010110
conv1,1224,49,31,00110001
conv1,1225,-22,EA,11101010
conv1,1226,21,15,00010101
conv1,1227,22,16,00010110
conv1,1228,-24,E8,11101000
conv1,1229,-28,E4,11100100
conv1,1230,22,16,00010110
conv1,1231,-51,CD,11001101
conv1,1232,-31,E1,11100001
conv1,1233,-38,DA,11011010
conv1,1234,-23,E9,11101001
conv1,1235,38,26,00100110
conv1,1236,-29,E3,11100011
conv1,1237,42,2A,00101010
conv1,1238,-44,D4,11010100
conv1,1239,-31,E1,11100001
conv1,1240,-24,E8,11101000
conv1,1241,-18,EE,11101110
conv1,1242,-30,E2,11100010
conv1,1243,-30,E2,11100010
conv1,1244,-35,DD,11011101
conv1,1245,20,14,00010100
conv1,1246,29,1D,00011101
conv1,1247,-22,EA,11101010
conv1,1248,19,13,00010011
conv1,1249,23,17,00010111
conv1,1250,40,28,00101000
conv1,1251,-23,E9,11101001
conv1,1252,19,13,00010011
conv1,1253,20,14,00010100
conv1,1254,18,12,00010010
conv1,1255,-20,EC,11101100
conv1,1256,17,11,00010001
conv1,1257,-24,E8,11101000
conv1,1258,19,13,00010011
conv1,1259,25,19,00011001
conv1,1260,20,14,00010100
conv1,1261,20,14,00010100
conv1,1262,22,16,00010110
conv1,1263,28,1C,00011100
conv1,1264,-31,E1,11100001
conv1,1265,-40,D8,11011000
conv1,1266,-19,ED,11101101
conv1,1267,37,25,00100101
conv1,1268,23,17,00010111
conv1,1269,-33,DF,11011111
conv1,1270,-54,CA,11001010
conv1,1271,48,30,00110000
conv1,1272,40,28,00101000
conv1,1273,-32,E0,11100000
conv1,1274,-52,CC,11001100
conv1,1275,24,18,00011000
conv1,1276,43,2B,00101011
conv1,1277,-33,DF,11011111
conv1,1278,-12,F4,11110100
conv1,1279,34,22,00100010
conv1,1280,-23,E9,11101001
conv1,1281,-28,E4,11100100
conv1,1282,35,23,00100011
conv1,1283,25,19,00011001
conv1,1284,24,18,00011000
conv1,1285,-49,CF,11001111
conv1,1286,22,16,00010110
conv1,1287,-21,EB,11101011
conv1,1288,23,17,00010111
conv1,1289,-23,E9,11101001
conv1,1290,27,1B,00011011
conv1,1291,35,23,00100011
conv1,1292,-33,DF,11011111
conv1,1293,38,26,00100110
conv1,1294,-22,EA,11101010
conv1,1295,33,21,00100001
conv1,1296,-25,E7,11100111
conv1,1297,-48,D0,11010000
conv1,1298,24,18,00011000
conv1,1299,-50,CE,11001110
conv1,1300,33,21,00100001
conv1,1301,41,29,00101001
conv1,1302,19,13,00010011
conv1,1303,25,19,00011001
conv1,1304,21,15,00010101
conv1,1305,39,27,00100111
conv1,1306,22,16,00010110
conv1,1307,33,21,00100001
conv1,1308,36,24,00100100
conv1,1309,21,15,00010101
conv1,1310,70,46,01000110
conv1,1311,41,29,00101001
conv1,1312,30,1E,00011110
conv1,1313,-34,DE,11011110
conv1,1314,27,1B,00011011
conv1,1315,29,1D,00011101
conv1,1316,81,51,01010001
conv1,1317,-32,E0,11100000
conv1,1318,35,23,00100011
conv1,1319,36,24,00100100
conv1,1320,-19,ED,11101101
conv1,1321,56,38,00111000
conv1,1322,25,19,00011001
conv1,1323,-22,EA,11101010
conv1,1324,38,26,00100110
conv1,1325,22,16,00010110
conv1,1326,23,17,00010111
conv1,1327,32,20,00100000
conv1,1328,39,27,00100111
conv1,1329,21,15,00010101
conv1,1330,-33,DF,11011111
conv1,1331,20,14,00010100
conv1,1332,-20,EC,11101100
conv1,1333,-20,EC,11101100
conv1,1334,27,1B,00011011
conv1,1335,-18,EE,11101110
conv1,1336,-31,E1,11100001
conv1,1337,-22,EA,11101010
conv1,1338,26,1A,00011010
conv1,1339,-27,E5,11100101
conv1,1340,-18,EE,11101110
conv1,1341,-25,E7,11100111
conv1,1342,-30,E2,11100010
conv1,1343,-47,D1,11010001
conv1,1344,-37,DB,11011011
conv1,1345,28,1C,00011100
conv1,1346,28,1C,00011100
conv1,1347,33,21,00100001
conv1,1348,-31,E1,11100001
conv1,1349,-33,DF,11011111
conv1,1350,20,14,00010100
conv1,1351,40,28,00101000
conv1,1352,-20,EC,11101100
conv1,1353,-24,E8,11101000
conv1,1354,-18,EE,11101110
conv1,1355,36,24,00100100
conv1,1356,21,15,00010101
conv1,1357,32,20,00100000
conv1,1358,17,11,00010001
conv1,1359,32,20,00100000
conv1,1360,17,11,00010001
conv1,1361,21,15,00010101
conv1,1362,-20,EC,11101100
conv1,1363,20,14,00010100
conv1,1364,18,12,00010010
conv1,1365,-18,EE,11101110
conv1,1366,-27,E5,11100101
conv1,1367,19,13,00010011
conv1,1368,41,29,00101001
conv1,1369,21,15,00010101
conv1,1370,-24,E8,11101000
conv1,1371,-17,EF,11101111
conv1,1372,-55,C9,11001001
conv1,1373,-20,EC,11101100
conv1,1374,45,2D,00101101
conv1,1375,-27,E5,11100101
conv1,1376,-24,E8,11101000
conv1,1377,-41,D7,11010111
conv1,1378,-26,E6,11100110
conv1,1379,28,1C,00011100
conv1,1380,21,15,00010101
conv1,1381,-26,E6,11100110
conv1,1382,24,18,00011000
conv1,1383,-23,E9,11101001
conv1,1384,-43,D5,11010101
conv1,1385,40,28,00101000
conv1,1386,-26,E6,11100110
conv1,1387,27,1B,00011011
conv1,1388,-27,E5,11100101
conv1,1389,-31,E1,11100001
conv1,1390,42,2A,00101010
conv1,1391,49,31,00110001
conv1,1392,-28,E4,11100100
conv1,1393,-22,EA,11101010
conv1,1394,39,27,00100111
conv1,1395,49,31,00110001
conv1,1396,-46,D2,11010010
conv1,1397,35,23,00100011
conv1,1398,66,42,01000010
conv1,1399,22,16,00010110
conv1,1400,32,20,00100000
conv1,1401,33,21,00100001
conv1,1402,-36,DC,11011100
conv1,1403,59,3B,00111011
conv1,1404,25,19,00011001
conv1,1405,-28,E4,11100100
conv1,1406,28,1C,00011100
conv1,1407,-40,D8,11011000
conv1,1408,35,23,00100011
conv1,1409,30,1E,00011110
conv1,1410,-41,D7,11010111
conv1,1411,30,1E,00011110
conv1,1412,16,10,00010000
conv1,1413,21,15,00010101
conv1,1414,33,21,00100001
conv1,1415,22,16,00010110
conv1,1416,24,18,00011000
conv1,1417,-29,E3,11100011
conv1,1418,-63,C1,11000001
conv1,1419,-25,E7,11100111
conv1,1420,18,12,00010010
conv1,1421,-26,E6,11100110
conv1,1422,-17,EF,11101111
conv1,1423,-39,D9,11011001
conv1,1424,-28,E4,11100100
conv1,1425,-25,E7,11100111
conv1,1426,-37,DB,11011011
conv1,1427,-20,EC,11101100
conv1,1428,-28,E4,11100100
conv1,1429,-29,E3,11100011
conv1,1430,-29,E3,11100011
conv1,1431,-30,E2,11100010
conv1,1432,21,15,00010101
conv1,1433,35,23,00100011
conv1,1434,34,22,00100010
conv1,1435,-30,E2,11100010
conv1,1436,23,17,00010111
conv1,1437,38,26,00100110
conv1,1438,33,21,00100001
conv1,1439,-26,E6,11100110
conv1,1440,26,1A,00011010
conv1,1441,42,2A,00101010
conv1,1442,32,20,00100000
conv1,1443,-17,EF,11101111
conv1,1444,37,25,00100101
conv1,1445,25,19,00011001
conv1,1446,22,16,00010110
conv1,1447,24,18,00011000
conv1,1448,21,15,00010101
conv1,1449,18,12,00010010
conv1,1450,24,18,00011000
conv1,1451,19,13,00010011
conv1,1452,26,1A,00011010
conv1,1453,-29,E3,11100011
conv1,1454,70,46,01000110
conv1,1455,44,2C,00101100
conv1,1456,19,13,00010011
conv1,1457,-36,DC,11011100
conv1,1458,21,15,00010101
conv1,1459,43,2B,00101011
conv1,1460,-28,E4,11100100
conv1,1461,-39,D9,11011001
conv1,1462,22,16,00010110
conv1,1463,55,37,00110111
conv1,1464,-31,E1,11100001
conv1,1465,-26,E6,11100110
conv1,1466,-40,D8,11011000
conv1,1467,-22,EA,11101010
conv1,1468,32,20,00100000
conv1,1469,-26,E6,11100110
conv1,1470,-39,D9,11011001
conv1,1471,-18,EE,11101110
conv1,1472,22,16,00010110
conv1,1473,-26,E6,11100110
conv1,1474,33,21,00100001
conv1,1475,-26,E6,11100110
conv1,1476,32,20,00100000
conv1,1477,70,46,01000110
conv1,1478,-25,E7,11100111
conv1,1479,52,34,00110100
conv1,1480,-34,DE,11011110
conv1,1481,40,28,00101000
conv1,1482,-22,EA,11101010
conv1,1483,37,25,00100101
conv1,1484,-43,D5,11010101
conv1,1485,44,2C,00101100
conv1,1486,-27,E5,11100101
conv1,1487,52,34,00110100
conv1,1488,27,1B,00011011
conv1,1489,35,23,00100011
conv1,1490,-23,E9,11101001
conv1,1491,17,11,00010001
conv1,1492,22,16,00010110
conv1,1493,42,2A,00101010
conv1,1494,23,17,00010111
conv1,1495,27,1B,00011011
conv1,1496,25,19,00011001
conv1,1497,28,1C,00011100
conv1,1498,29,1D,00011101
conv1,1499,-27,E5,11100101
conv1,1500,26,1A,00011010
conv1,1501,-32,E0,11100000
conv1,1502,-21,EB,11101011
conv1,1503,28,1C,00011100
conv1,1504,23,17,00010111
conv1,1505,24,18,00011000
conv1,1506,-23,E9,11101001
conv1,1507,-20,EC,11101100
conv1,1508,-34,DE,11011110
conv1,1509,-29,E3,11100011
conv1,1510,22,16,00010110
conv1,1511,23,17,00010111
conv1,1512,-40,D8,11011000
conv1,1513,-47,D1,11010001
conv1,1514,26,1A,00011010
conv1,1515,28,1C,00011100
conv1,1516,-35,DD,11011101
conv1,1517,-33,DF,11011111
conv1,1518,24,18,00011000
conv1,1519,35,23,00100011
conv1,1520,-31,E1,11100001
conv1,1521,-24,E8,11101000
conv1,1522,44,2C,00101100
conv1,1523,-32,E0,11100000
conv1,1524,-34,DE,11011110
conv1,1525,42,2A,00101010
conv1,1526,28,1C,00011100
conv1,1527,-23,E9,11101001
conv1,1528,18,12,00010010
conv1,1529,28,1C,00011100
conv1,1530,30,1E,00011110
conv1,1531,30,1E,00011110
conv1,1532,-18,EE,11101110
conv1,1533,36,24,00100100
conv1,1534,49,31,00110001
conv1,1535,30,1E,00011110
conv1,1536,23,17,00010111
conv1,1537,25,19,00011001
conv1,1538,-35,DD,11011101
conv1,1539,55,37,00110111
conv1,1540,41,29,00101001
conv1,1541,38,26,00100110
conv1,1542,-22,EA,11101010
conv1,1543,-26,E6,11100110
conv1,1544,-32,E0,11100000
conv1,1545,22,16,00010110
conv1,1546,-19,ED,11101101
conv1,1547,-20,EC,11101100
conv1,1548,27,1B,00011011
conv1,1549,-36,DC,11011100
conv1,1550,52,34,00110100
conv1,1551,-26,E6,11100110
conv1,1552,-39,D9,11011001
conv1,1553,-24,E8,11101000
conv1,1554,22,16,00010110
conv1,1555,-34,DE,11011110
conv1,1556,-29,E3,11100011
conv1,1557,38,26,00100110
conv1,1558,-23,E9,11101001
conv1,1559,-36,DC,11011100
conv1,1560,-32,E0,11100000
conv1,1561,-43,D5,11010101
conv1,1562,-30,E2,11100010
conv1,1563,56,38,00111000
conv1,1564,-36,DC,11011100
conv1,1565,-25,E7,11100111
conv1,1566,-41,D7,11010111
conv1,1567,-26,E6,11100110
conv1,1568,-34,DE,11011110
conv1,1569,-20,EC,11101100
conv1,1570,20,14,00010100
conv1,1571,-50,CE,11001110
conv1,1572,30,1E,00011110
conv1,1573,65,41,01000001
conv1,1574,-63,C1,11000001
conv1,1575,39,27,00100111
conv1,1576,51,33,00110011
conv1,1577,-53,CB,11001011
conv1,1578,-20,EC,11101100
conv1,1579,40,28,00101000
conv1,1580,-59,C5,11000101
conv1,1581,25,19,00011001
conv1,1582,-29,E3,11100011
conv1,1583,38,26,00100110
conv1,1584,21,15,00010101
conv1,1585,22,16,00010110
conv1,1586,21,15,00010101
conv1,1587,26,1A,00011010
conv1,1588,29,1D,00011101
conv1,1589,26,1A,00011010
conv1,1590,21,15,00010101
conv1,1591,-26,E6,11100110
conv1,1592,-39,D9,11011001
conv1,1593,-22,EA,11101010
conv1,1594,27,1B,00011011
conv1,1595,33,21,00100001
conv1,1596,-20,EC,11101100
conv1,1597,-37,DB,11011011
conv1,1598,-19,ED,11101101
conv1,1599,22,16,00010110
conv1,1600,26,1A,00011010
conv1,1601,25,19,00011001
conv1,1602,31,1F,00011111
conv1,1603,-23,E9,11101001
conv1,1604,19,13,00010011
conv1,1605,-28,E4,11100100
conv1,1606,-40,D8,11011000
conv1,1607,-34,DE,11011110
conv1,1608,-43,D5,11010101
conv1,1609,-21,EB,11101011
conv1,1610,-27,E5,11100101
conv1,1611,-40,D8,11011000
conv1,1612,-24,E8,11101000
conv1,1613,-36,DC,11011100
conv1,1614,-33,DF,11011111
conv1,1615,47,2F,00101111
conv1,1616,32,20,00100000
conv1,1617,39,27,00100111
conv1,1618,-29,E3,11100011
conv1,1619,18,12,00010010
conv1,1620,44,2C,00101100
conv1,1621,-27,E5,11100101
conv1,1622,23,17,00010111
conv1,1623,43,2B,00101011
conv1,1624,27,1B,00011011
conv1,1625,28,1C,00011100
conv1,1626,23,17,00010111
conv1,1627,27,1B,00011011
conv1,1628,54,36,00110110
conv1,1629,-40,D8,11011000
conv1,1630,37,25,00100101
conv1,1631,26,1A,00011010
conv1,1632,51,33,00110011
conv1,1633,47,2F,00101111
conv1,1634,-26,E6,11100110
conv1,1635,-26,E6,11100110
conv1,1636,-29,E3,11100011
conv1,1637,25,19,00011001
conv1,1638,-17,EF,11101111
conv1,1639,27,1B,00011011
conv1,1640,61,3D,00111101
conv1,1641,-30,E2,11100010
conv1,1642,-44,D4,11010100
conv1,1643,-39,D9,11011001
conv1,1644,37,25,00100101
conv1,1645,-21,EB,11101011
conv1,1646,-33,DF,11011111
conv1,1647,-43,D5,11010101
conv1,1648,-34,DE,11011110
conv1,1649,-49,CF,11001111
conv1,1650,-25,E7,11100111
conv1,1651,43,2B,00101011
conv1,1652,-60,C4,11000100
conv1,1653,-26,E6,11100110
conv1,1654,20,14,00010100
conv1,1655,-57,C7,11000111
conv1,1656,28,1C,00011100
conv1,1657,-53,CB,11001011
conv1,1658,26,1A,00011010
conv1,1659,-32,E0,11100000
conv1,1660,29,1D,00011101
conv1,1661,-41,D7,11010111
conv1,1662,22,16,00010110
conv1,1663,-18,EE,11101110
conv1,1664,26,1A,00011010
conv1,1665,-34,DE,11011110
conv1,1666,26,1A,00011010
conv1,1667,24,18,00011000
conv1,1668,23,17,00010111
conv1,1669,35,23,00100011
conv1,1670,-23,E9,11101001
conv1,1671,31,1F,00011111
conv1,1672,27,1B,00011011
conv1,1673,36,24,00100100
conv1,1674,-29,E3,11100011
conv1,1675,22,16,00010110
conv1,1676,-38,DA,11011010
conv1,1677,-30,E2,11100010
conv1,1678,18,12,00010010
conv1,1679,-41,D7,11010111
conv1,1680,-20,EC,11101100
conv1,1681,-33,DF,11011111
conv1,1682,-36,DC,11011100
conv1,1683,-20,EC,11101100
conv1,1684,-25,E7,11100111
conv1,1685,-36,DC,11011100
conv1,1686,31,1F,00011111
conv1,1687,-31,E1,11100001
conv1,1688,-29,E3,11100011
conv1,1689,21,15,00010101
conv1,1690,26,1A,00011010
conv1,1691,-19,ED,11101101
conv1,1692,41,29,00101001
conv1,1693,-24,E8,11101000
conv1,1694,24,18,00011000
conv1,1695,45,2D,00101101
conv1,1696,-21,EB,11101011
conv1,1697,21,15,00010101
conv1,1698,29,1D,00011101
conv1,1699,18,12,00010010
conv1,1700,41,29,00101001
conv1,1701,25,19,00011001
conv1,1702,-23,E9,11101001
conv1,1703,-18,EE,11101110
conv1,1704,27,1B,00011011
conv1,1705,23,17,00010111
conv1,1706,17,11,00010001
conv1,1707,-31,E1,11100001
conv1,1708,28,1C,00011100
conv1,1709,-25,E7,11100111
conv1,1710,41,29,00101001
conv1,1711,46,2E,00101110
conv1,1712,-21,EB,11101011
conv1,1713,17,11,00010001
conv1,1714,32,20,00100000
conv1,1715,-47,D1,11010001
conv1,1716,-32,E0,11100000
conv1,1717,22,16,00010110
conv1,1718,31,1F,00011111
conv1,1719,-20,EC,11101100
conv1,1720,57,39,00111001
conv1,1721,-49,CF,11001111
conv1,1722,22,16,00010110
conv1,1723,-30,E2,11100010
conv1,1724,-21,EB,11101011
conv1,1725,29,1D,00011101
conv1,1726,-21,EB,11101011
conv1,1727,-41,D7,11010111
conv1,1728,35,23,00100011
conv1,1729,-27,E5,11100101
conv1,1730,-35,DD,11011101
conv1,1731,44,2C,00101100
conv1,1732,-28,E4,11100100
conv1,1733,-31,E1,11100001
conv1,1734,-32,E0,11100000
conv1,1735,-25,E7,11100111
conv1,1736,-26,E6,11100110
conv1,1737,43,2B,00101011
conv1,1738,29,1D,00011101
conv1,1739,72,48,01001000
conv1,1740,17,11,00010001
conv1,1741,-20,EC,11101100
conv1,1742,-26,E6,11100110
conv1,1743,24,18,00011000
conv1,1744,-26,E6,11100110
conv1,1745,36,24,00100100
conv1,1746,15,0F,00001111
conv1,1747,40,28,00101000
conv1,1748,-25,E7,11100111
conv1,1749,29,1D,00011101
conv1,1750,-25,E7,11100111
conv1,1751,24,18,00011000
conv1,1752,-27,E5,11100101
conv1,1753,20,14,00010100
conv1,1754,-25,E7,11100111
conv1,1755,19,13,00010011
conv1,1756,22,16,00010110
conv1,1757,-35,DD,11011101
conv1,1758,-35,DD,11011101
conv1,1759,-28,E4,11100100
conv1,1760,-33,DF,11011111
conv1,1761,31,1F,00011111
conv1,1762,-27,E5,11100101
conv1,1763,40,28,00101000
conv1,1764,-41,D7,11010111
conv1,1765,-21,EB,11101011
conv1,1766,38,26,00100110
conv1,1767,-35,DD,11011101
conv1,1768,-19,ED,11101101
conv1,1769,21,15,00010101
conv1,1770,34,22,00100010
conv1,1771,-31,E1,11100001
conv1,1772,36,24,00100100
conv1,1773,24,18,00011000
conv1,1774,-25,E7,11100111
conv1,1775,46,2E,00101110
conv1,1776,26,1A,00011010
conv1,1777,29,1D,00011101
conv1,1778,-18,EE,11101110
conv1,1779,25,19,00011001
conv1,1780,25,19,00011001
conv1,1781,25,19,00011001
conv1,1782,23,17,00010111
conv1,1783,19,13,00010011
conv1,1784,23,17,00010111
conv1,1785,-20,EC,11101100
conv1,1786,30,1E,00011110
conv1,1787,37,25,00100101
conv1,1788,19,13,00010011
conv1,1789,-24,E8,11101000
conv1,1790,22,16,00010110
conv1,1791,-26,E6,11100110
conv1,1792,28,1C,00011100
conv1,1793,27,1B,00011011
conv1,1794,-25,E7,11100111
conv1,1795,21,15,00010101
conv1,1796,-26,E6,11100110
conv1,1797,-32,E0,11100000
conv1,1798,-32,E0,11100000
conv1,1799,-22,EA,11101010
conv1,1800,-28,E4,11100100
conv1,1801,-32,E0,11100000
conv1,1802,-34,DE,11011110
conv1,1803,54,36,00110110
conv1,1804,-25,E7,11100111
conv1,1805,-20,EC,11101100
conv1,1806,41,29,00101001
conv1,1807,-27,E5,11100101
conv1,1808,29,1D,00011101
conv1,1809,17,11,00010001
conv1,1810,-46,D2,11010010
conv1,1811,40,28,00101000
conv1,1812,32,20,00100000
conv1,1813,20,14,00010100
conv1,1814,22,16,00010110
conv1,1815,37,25,00100101
conv1,1816,22,16,00010110
conv1,1817,29,1D,00011101
conv1,1818,17,11,00010001
conv1,1819,19,13,00010011
conv1,1820,25,19,00011001
conv1,1821,29,1D,00011101
conv1,1822,-23,E9,11101001
conv1,1823,17,11,00010001
conv1,1824,-24,E8,11101000
conv1,1825,23,17,00010111
conv1,1826,-39,D9,11011001
conv1,1827,-25,E7,11100111
conv1,1828,-28,E4,11100100
conv1,1829,-51,CD,11001101
conv1,1830,-26,E6,11100110
conv1,1831,25,19,00011001
conv1,1832,-39,D9,11011001
conv1,1833,44,2C,00101100
conv1,1834,-43,D5,11010101
conv1,1835,19,13,00010011
conv1,1836,-24,E8,11101000
conv1,1837,-34,DE,11011110
conv1,1838,-29,E3,11100011
conv1,1839,32,20,00100000
conv1,1840,-27,E5,11100101
conv1,1841,32,20,00100000
conv1,1842,18,12,00010010
conv1,1843,-18,EE,11101110
conv1,1844,26,1A,00011010
conv1,1845,21,15,00010101
conv1,1846,-20,EC,11101100
conv1,1847,31,1F,00011111
conv1,1848,34,22,00100010
conv1,1849,-25,E7,11100111
conv1,1850,-24,E8,11101000
conv1,1851,33,21,00100001
conv1,1852,-48,D0,11010000
conv1,1853,17,11,00010001
conv1,1854,-28,E4,11100100
conv1,1855,26,1A,00011010
conv1,1856,-30,E2,11100010
conv1,1857,23,17,00010111
conv1,1858,37,25,00100101
conv1,1859,26,1A,00011010
conv1,1860,31,1F,00011111
conv1,1861,37,25,00100101
conv1,1862,-23,E9,11101001
conv1,1863,26,1A,00011010
conv1,1864,26,1A,00011010
conv1,1865,36,24,00100100
conv1,1866,23,17,00010111
conv1,1867,37,25,00100101
conv1,1868,23,17,00010111
conv1,1869,42,2A,00101010
conv1,1870,-34,DE,11011110
conv1,1871,49,31,00110001
conv1,1872,25,19,00011001
conv1,1873,-24,E8,11101000
conv1,1874,28,1C,00011100
conv1,1875,26,1A,00011010
conv1,1876,22,16,00010110
conv1,1877,22,16,00010110
conv1,1878,-32,E0,11100000
conv1,1879,29,1D,00011101
conv1,1880,34,22,00100010
conv1,1881,21,15,00010101
conv1,1882,18,12,00010010
conv1,1883,-26,E6,11100110
conv1,1884,23,17,00010111
conv1,1885,28,1C,00011100
conv1,1886,-25,E7,11100111
conv1,1887,24,18,00011000
conv1,1888,-31,E1,11100001
conv1,1889,-17,EF,11101111
conv1,1890,-31,E1,11100001
conv1,1891,30,1E,00011110
conv1,1892,-30,E2,11100010
conv1,1893,22,16,00010110
conv1,1894,32,20,00100000
conv1,1895,-24,E8,11101000
conv1,1896,-22,EA,11101010
conv1,1897,19,13,00010011
conv1,1898,-34,DE,11011110
conv1,1899,-20,EC,11101100
conv1,1900,24,18,00011000
conv1,1901,-18,EE,11101110
conv1,1902,24,18,00011000
conv1,1903,-24,E8,11101000
conv1,1904,33,21,00100001
conv1,1905,-19,ED,11101101
conv1,1906,-24,E8,11101000
conv1,1907,24,18,00011000
conv1,1908,-25,E7,11100111
conv1,1909,27,1B,00011011
conv1,1910,27,1B,00011011
conv1,1911,18,12,00010010
conv1,1912,32,20,00100000
conv1,1913,25,19,00011001
conv1,1914,-27,E5,11100101
conv1,1915,19,13,00010011
conv1,1916,26,1A,00011010
conv1,1917,-26,E6,11100110
conv1,1918,45,2D,00101101
conv1,1919,-51,CD,11001101
conv1,1920,-26,E6,11100110
conv1,1921,43,2B,00101011
conv1,1922,26,1A,00011010
conv1,1923,-23,E9,11101001
conv1,1924,36,24,00100100
conv1,1925,-54,CA,11001010
conv1,1926,23,17,00010111
conv1,1927,26,1A,00011010
conv1,1928,18,12,00010010
conv1,1929,-44,D4,11010100
conv1,1930,26,1A,00011010
conv1,1931,25,19,00011001
conv1,1932,18,12,00010010
conv1,1933,22,16,00010110
conv1,1934,33,21,00100001
conv1,1935,21,15,00010101
conv1,1936,22,16,00010110
conv1,1937,22,16,00010110
conv1,1938,-39,D9,11011001
conv1,1939,36,24,00100100
conv1,1940,26,1A,00011010
conv1,1941,-19,ED,11101101
conv1,1942,-21,EB,11101011
conv1,1943,33,21,00100001
conv1,1944,40,28,00101000
conv1,1945,-23,E9,11101001
conv1,1946,-25,E7,11100111
conv1,1947,41,29,00101001
conv1,1948,31,1F,00011111
conv1,1949,-27,E5,11100101
conv1,1950,-22,EA,11101010
conv1,1951,47,2F,00101111
conv1,1952,27,1B,00011011
conv1,1953,-27,E5,11100101
conv1,1954,-41,D7,11010111
conv1,1955,-31,E1,11100001
conv1,1956,42,2A,00101010
conv1,1957,-24,E8,11101000
conv1,1958,-28,E4,11100100
conv1,1959,-46,D2,11010010
conv1,1960,23,17,00010111
conv1,1961,-39,D9,11011001
conv1,1962,-32,E0,11100000
conv1,1963,-22,EA,11101010
conv1,1964,-26,E6,11100110
conv1,1965,21,15,00010101
conv1,1966,23,17,00010111
conv1,1967,21,15,00010101
conv1,1968,19,13,00010011
conv1,1969,19,13,00010011
conv1,1970,21,15,00010101
conv1,1971,21,15,00010101
conv1,1972,-19,ED,11101101
conv1,1973,-19,ED,11101101
conv1,1974,21,15,00010101
conv1,1975,19,13,00010011
conv1,1976,41,29,00101001
conv1,1977,24,18,00011000
conv1,1978,-23,E9,11101001
conv1,1979,18,12,00010010
conv1,1980,44,2C,00101100
conv1,1981,22,16,00010110
conv1,1982,-34,DE,11011110
conv1,1983,30,1E,00011110
conv1,1984,-25,E7,11100111
conv1,1985,22,16,00010110
conv1,1986,43,2B,00101011
conv1,1987,17,11,00010001
conv1,1988,-37,DB,11011011
conv1,1989,-40,D8,11011000
conv1,1990,50,32,00110010
conv1,1991,38,26,00100110
conv1,1992,-31,E1,11100001
conv1,1993,38,26,00100110
conv1,1994,-39,D9,11011001
conv1,1995,50,32,00110010
conv1,1996,19,13,00010011
conv1,1997,-32,E0,11100000
conv1,1998,39,27,00100111
conv1,1999,-37,DB,11011011
conv1,2000,31,1F,00011111
conv1,2001,25,19,00011001
conv1,2002,35,23,00100011
conv1,2003,-46,D2,11010010
conv1,2004,30,1E,00011110
conv1,2005,39,27,00100111
conv1,2006,23,17,00010111
conv1,2007,45,2D,00101101
conv1,2008,33,21,00100001
conv1,2009,41,29,00101001
conv1,2010,31,1F,00011111
conv1,2011,46,2E,00101110
conv1,2012,34,22,00100010
conv1,2013,-46,D2,11010010
conv1,2014,34,22,00100010
conv1,2015,31,1F,00011111
conv1,2016,36,24,00100100
conv1,2017,22,16,00010110
conv1,2018,30,1E,00011110
conv1,2019,-45,D3,11010011
conv1,2020,32,20,00100000
conv1,2021,-54,CA,11001010
conv1,2022,25,19,00011001
conv1,2023,30,1E,00011110
conv1,2024,33,21,00100001
conv1,2025,-54,CA,11001010
conv1,2026,54,36,00110110
conv1,2027,27,1B,00011011
conv1,2028,32,20,00100000
conv1,2029,-50,CE,11001110
conv1,2030,27,1B,00011011
conv1,2031,60,3C,00111100
conv1,2032,19,13,00010011
conv1,2033,34,22,00100010
conv1,2034,63,3F,00111111
conv1,2035,-63,C1,11000001
conv1,2036,23,17,00010111
conv1,2037,56,38,00111000
conv1,2038,24,18,00011000
conv1,2039,33,21,00100001
conv1,2040,37,25,00100101
conv1,2041,-48,D0,11010000
conv1,2042,20,14,00010100
conv1,2043,-27,E5,11100101
conv1,2044,58,3A,00111010
conv1,2045,26,1A,00011010
conv1,2046,-27,E5,11100101
conv1,2047,33,21,00100001
conv1,2048,-52,CC,11001100
conv1,2049,-27,E5,11100101
conv1,2050,56,38,00111000
conv1,2051,32,20,00100000
conv1,2052,-53,CB,11001011
conv1,2053,-35,DD,11011101
conv1,2054,18,12,00010010
conv1,2055,33,21,00100001
conv1,2056,-18,EE,11101110
conv1,2057,23,17,00010111
conv1,2058,-24,E8,11101000
conv1,2059,-27,E5,11100101
conv1,2060,39,27,00100111
conv1,2061,-27,E5,11100101
conv1,2062,24,18,00011000
conv1,2063,-36,DC,11011100
conv1,2064,28,1C,00011100
conv1,2065,21,15,00010101
conv1,2066,-20,EC,11101100
conv1,2067,-25,E7,11100111
conv1,2068,31,1F,00011111
conv1,2069,-23,E9,11101001
conv1,2070,40,28,00101000
conv1,2071,23,17,00010111
conv1,2072,-28,E4,11100100
conv1,2073,42,2A,00101010
conv1,2074,24,18,00011000
conv1,2075,-43,D5,11010101
conv1,2076,24,18,00011000
conv1,2077,27,1B,00011011
conv1,2078,39,27,00100111
conv1,2079,77,4D,01001101
conv1,2080,-35,DD,11011101
conv1,2081,35,23,00100011
conv1,2082,47,2F,00101111
conv1,2083,41,29,00101001
conv1,2084,-42,D6,11010110
conv1,2085,27,1B,00011011
conv1,2086,49,31,00110001
conv1,2087,43,2B,00101011
conv1,2088,40,28,00101000
conv1,2089,38,26,00100110
conv1,2090,-43,D5,11010101
conv1,2091,31,1F,00011111
conv1,2092,-21,EB,11101011
conv1,2093,64,40,01000000
conv1,2094,40,28,00101000
conv1,2095,-44,D4,11010100
conv1,2096,39,27,00100111
conv1,2097,62,3E,00111110
conv1,2098,19,13,00010011
conv1,2099,26,1A,00011010
conv1,2100,28,1C,00011100
conv1,2101,46,2E,00101110
conv1,2102,-36,DC,11011100
conv1,2103,34,22,00100010
conv1,2104,18,12,00010010
conv1,2105,24,18,00011000
conv1,2106,55,37,00110111
conv1,2107,36,24,00100100
conv1,2108,30,1E,00011110
conv1,2109,21,15,00010101
conv1,2110,60,3C,00111100
conv1,2111,-23,E9,11101001
conv1,2112,26,1A,00011010
conv1,2113,32,20,00100000
conv1,2114,26,1A,00011010
conv1,2115,45,2D,00101101
conv1,2116,-24,E8,11101000
conv1,2117,18,12,00010010
conv1,2118,33,21,00100001
conv1,2119,24,18,00011000
conv1,2120,38,26,00100110
conv1,2121,66,42,01000010
conv1,2122,-19,ED,11101101
conv1,2123,19,13,00010011
conv1,2124,32,20,00100000
conv1,2125,22,16,00010110
conv1,2126,22,16,00010110
conv1,2127,44,2C,00101100
conv1,2128,41,29,00101001
conv1,2129,27,1B,00011011
conv1,2130,28,1C,00011100
conv1,2131,-24,E8,11101000
conv1,2132,30,1E,00011110
conv1,2133,-16,F0,11110000
conv1,2134,-17,EF,11101111
conv1,2135,27,1B,00011011
conv1,2136,21,15,00010101
conv1,2137,19,13,00010011
conv1,2138,17,11,00010001
conv1,2139,17,11,00010001
conv1,2140,19,13,00010011
conv1,2141,27,1B,00011011
conv1,2142,21,15,00010101
conv1,2143,33,21,00100001
conv1,2144,18,12,00010010
conv1,2145,48,30,00110000
conv1,2146,18,12,00010010
conv1,2147,35,23,00100011
conv1,2148,32,20,00100000
conv1,2149,28,1C,00011100
conv1,2150,28,1C,00011100
conv1,2151,56,38,00111000
conv1,2152,-21,EB,11101011
conv1,2153,22,16,00010110
conv1,2154,31,1F,00011111
conv1,2155,20,14,00010100
conv1,2156,24,18,00011000
conv1,2157,-37,DB,11011011
conv1,2158,36,24,00100100
conv1,2159,23,17,00010111
conv1,2160,31,1F,00011111
conv1,2161,22,16,00010110
conv1,2162,26,1A,00011010
conv1,2163,20,14,00010100
conv1,2164,19,13,00010011
conv1,2165,17,11,00010001
conv1,2166,-25,E7,11100111
conv2,2167,101,65,01100101
conv2,2168,127,7F,01111111
conv2,2169,127,7F,01111111
conv2,2170,107,6B,01101011
conv2,2171,99,63,01100011
conv2,2172,103,67,01100111
conv2,2173,117,75,01110101
conv2,2174,92,5C,01011100
conv2,2175,127,7F,01111111
conv2,2176,121,79,01111001
conv2,2177,-100,9C,10011100
conv2,2178,118,76,01110110
conv2,2179,-104,98,10011000
conv2,2180,100,64,01100100
conv2,2181,-125,83,10000011
conv2,2182,101,65,01100101
conv2,2183,127,7F,01111111
conv2,2184,95,5F,01011111
conv2,2185,-117,8B,10001011
conv2,2186,-109,93,10010011
conv2,2187,-127,81,10000001
conv2,2188,122,7A,01111010
output,2189,-127,81,10000001
output,2190,-125,83,10000011
output,2191,-111,91,10010001
output,2192,-127,81,10000001
output,2193,-123,85,10000101
output,2194,-106,96,10010110
output,2195,-126,82,10000010
output,2196,-109,93,10010011
output,2197,-127,81,10000001
output,2198,-127,81,10000001
output,2199,-121,87,10000111
output,2200,-127,81,10000001
output,2201,-102,9A,10011010
output,2202,123,7B,01111011
